http://artcontrol.me/drawing-around-wellington/,http://artcontrol.me/posts/drawing-around-wellington.html
http://artcontrol.me/eye-glow-digital/,http://artcontrol.me/posts/eye-glow-digital.html
http://artcontrol.me/?p=2322,http://artcontrol.me/posts/2322.html
http://artcontrol.me/kobo-mini-drawing/,http://artcontrol.me/posts/kobo-mini-drawing.html
http://artcontrol.me/auxweltak/,http://artcontrol.me/posts/auxweltak.html
http://artcontrol.me/vincents-life-drawing-lee-thursday/,http://artcontrol.me/posts/vincents-life-drawing-lee-thursday.html
http://artcontrol.me/?p=5023,http://artcontrol.me/posts/5023.html
http://artcontrol.me/promarkerny/,http://artcontrol.me/posts/promarkerny.html
http://artcontrol.me/yeah-yeah-yeah-colored-pencils/,http://artcontrol.me/posts/yeah-yeah-yeah-colored-pencils.html
http://artcontrol.me/eow-frozen-pass-pencil-drawings/,http://artcontrol.me/posts/eow-frozen-pass-pencil-drawings.html
http://artcontrol.me/westfield-auckland-sketch/,http://artcontrol.me/posts/westfield-auckland-sketch.html
http://artcontrol.me/?p=5121,http://artcontrol.me/posts/5121.html
http://artcontrol.me/underpainting/,http://artcontrol.me/posts/underpainting.html
http://artcontrol.me/bacon-game-jam-landscape-painting/,http://artcontrol.me/posts/bacon-game-jam-landscape-painting.html
http://artcontrol.me/dark-places/,http://artcontrol.me/posts/dark-places.html
http://artcontrol.me/?p=4713,http://artcontrol.me/posts/new.html
http://artcontrol.me/concept-pencil-cuba-2/,http://artcontrol.me/posts/concept-pencil-cuba-2.html
http://artcontrol.me/september-vincents-life-drawing/,http://artcontrol.me/posts/september-vincents-life-drawing.html
http://artcontrol.me/i-wear-black-on-the-outside-cos-black-is-how-i-feel-on-the-inside/,http://artcontrol.me/posts/i-wear-black-on-the-outside-cos-black-is-how-i-feel-on-the-inside.html
http://artcontrol.me/lightsoff-pixel-ideas/,http://artcontrol.me/posts/lightsoff-pixel-ideas.html
http://artcontrol.me/toy-landscape/,http://artcontrol.me/posts/toy-landscape.html
http://artcontrol.me/file-infigment-bill-thoughts/,http://artcontrol.me/posts/file-infigment-bill-thoughts.html
http://artcontrol.me/reddit-december-paintings/,http://artcontrol.me/posts/reddit-december-paintings.html
http://artcontrol.me/girl-in-front-of-office-building/,http://artcontrol.me/posts/girl-in-front-of-office-building.html
http://artcontrol.me/redditgetsdrawn-library-portraits/,http://artcontrol.me/posts/redditgetsdrawn-library-portraits.html
http://artcontrol.me/landscape-of-the-day/,http://artcontrol.me/posts/landscape-of-the-day.html
http://artcontrol.me/roguelike-python/,http://artcontrol.me/posts/roguelike-python.html
http://artcontrol.me/redditgetsdrawn-new-years-day/,http://artcontrol.me/posts/redditgetsdrawn-new-years-day.html
http://artcontrol.me/digital-portraits-4chan/,http://artcontrol.me/posts/digital-portraits-4chan.html
http://artcontrol.me/thursday-blender-renders/,http://artcontrol.me/posts/thursday-blender-renders.html
http://artcontrol.me/?p=35,http://artcontrol.me/posts/35.html
http://artcontrol.me/friday-redditgetsdrawn/,http://artcontrol.me/posts/friday-redditgetsdrawn.html
http://artcontrol.me/?p=2296,http://artcontrol.me/posts/2296.html
http://artcontrol.me/hello-world-2/,http://artcontrol.me/posts/hello-world-2.html
http://artcontrol.me/redditgetsdrawn-sunday-afternoon/,http://artcontrol.me/posts/redditgetsdrawn-sunday-afternoon.html
http://artcontrol.me/ham-sketchbook/,http://artcontrol.me/posts/ham-sketchbook.html
http://artcontrol.me/?p=5242,http://artcontrol.me/posts/5242.html
http://artcontrol.me/russel-friday-life-drawings/,http://artcontrol.me/posts/russel-friday-life-drawings.html
http://artcontrol.me/?p=5249,http://artcontrol.me/posts/5249.html
http://artcontrol.me/?p=2271,http://artcontrol.me/posts/2271.html
http://artcontrol.me/bellez-rat/,http://artcontrol.me/posts/bellez-rat.html
http://artcontrol.me/charcoal-colorzz-friday-model/,http://artcontrol.me/posts/charcoal-colorzz-friday-model.html
http://artcontrol.me/sd-enviormen/,http://artcontrol.me/posts/sd-enviormen.html
http://artcontrol.me/?p=2725,http://artcontrol.me/posts/2725.html
http://artcontrol.me/?p=54,http://artcontrol.me/posts/54.html
http://artcontrol.me/church-levin-mall-sketch/,http://artcontrol.me/posts/church-levin-mall-sketch.html
http://artcontrol.me/?p=51,http://artcontrol.me/posts/51.html
http://artcontrol.me/?p=52,http://artcontrol.me/posts/52.html
http://artcontrol.me/826/,http://artcontrol.me/posts/826.html
http://artcontrol.me/power-pole-giants/,http://artcontrol.me/posts/power-pole-giants.html
http://artcontrol.me/redditgetsdrawn-xmas-painting/,http://artcontrol.me/posts/redditgetsdrawn-xmas-painting.html
http://artcontrol.me/levin-cinema-painting/,http://artcontrol.me/posts/levin-cinema-painting.html
http://artcontrol.me/wellington-figure-and-landscape/,http://artcontrol.me/posts/wellington-figure-and-landscape.html
http://artcontrol.me/?p=5064,http://artcontrol.me/posts/5064.html
http://artcontrol.me/?p=5149,http://artcontrol.me/posts/5149.html
http://artcontrol.me/wellington-water/,http://artcontrol.me/posts/wellington-water.html
http://artcontrol.me/digital-nudes/,http://artcontrol.me/posts/digital-nudes.html
http://artcontrol.me/lily-allen/,http://artcontrol.me/posts/lily-allen.html
http://artcontrol.me/bell-water/,http://artcontrol.me/posts/bell-water.html
http://artcontrol.me/?p=1452,http://artcontrol.me/posts/1452.html
http://artcontrol.me/sit-model-look-left/,http://artcontrol.me/posts/sit-model-look-left.html
http://artcontrol.me/?p=4753,http://artcontrol.me/posts/drawings-pencil.html
http://artcontrol.me/digital-takaka-nudes/,http://artcontrol.me/posts/digital-takaka-nudes.html
http://artcontrol.me/random-ch-sketchbook/,http://artcontrol.me/posts/random-ch-sketchbook.html
http://artcontrol.me/chch-cbd-park-drawings/,http://artcontrol.me/posts/chch-cbd-park-drawings.html
http://artcontrol.me/trademe-and-portraits/,http://artcontrol.me/posts/trademe-and-portraits.html
http://artcontrol.me/more-paintings/,http://artcontrol.me/posts/more-paintings.html
http://artcontrol.me/?p=154,http://artcontrol.me/posts/154.html
http://artcontrol.me/old-paintings/,http://artcontrol.me/posts/old-paintings.html
http://artcontrol.me/?p=1519,http://artcontrol.me/posts/1519.html
http://artcontrol.me/beautiful-red-dress-painting/,http://artcontrol.me/posts/beautiful-red-dress-painting.html
http://artcontrol.me/final-friday-term-1-2012/,http://artcontrol.me/posts/final-friday-term-1-2012.html
http://artcontrol.me/lights-out-bacongamejam-5-third-painting-redditgetsdrawn/,http://artcontrol.me/posts/lights-out-bacongamejam-5-third-painting-redditgetsdrawn.html
http://artcontrol.me/may-monday-life-drawing/,http://artcontrol.me/posts/may-monday-life-drawing.html
http://artcontrol.me/mask/,http://artcontrol.me/posts/mask.html
http://artcontrol.me/three-angry-figures/,http://artcontrol.me/posts/three-angry-figures.html
http://artcontrol.me/wellington-rail-remake/,http://artcontrol.me/posts/wellington-rail-remake.html
http://artcontrol.me/waihi-digital-face/,http://artcontrol.me/posts/waihi-digital-face.html
http://artcontrol.me/2h-pencil-works/,http://artcontrol.me/posts/2h-pencil-works.html
http://artcontrol.me/court-garden/,http://artcontrol.me/posts/court-garden.html
http://artcontrol.me/welly-blend/,http://artcontrol.me/posts/welly-blend.html
http://artcontrol.me/president-of-redditgetsdrawn/,http://artcontrol.me/posts/president-of-redditgetsdrawn.html
http://artcontrol.me/?p=4860,http://artcontrol.me/posts/4860.html
http://artcontrol.me/anna-new-color-sample/,http://artcontrol.me/posts/anna-new-color-sample.html
http://artcontrol.me/badly-painted-microsoft-paint-works/,http://artcontrol.me/posts/badly-painted-microsoft-paint-works.html
http://artcontrol.me/hutt-envro-paint/,http://artcontrol.me/posts/hutt-envro-paint.html
http://artcontrol.me/?p=2562,http://artcontrol.me/posts/2562.html
http://artcontrol.me/?p=5423,http://artcontrol.me/posts/5423.html
http://artcontrol.me/?p=5581,http://artcontrol.me/posts/5581.html
http://artcontrol.me/?p=5580,http://artcontrol.me/posts/5580.html
http://artcontrol.me/?p=4986,http://artcontrol.me/posts/dun-girl.html
http://artcontrol.me/?p=4981,http://artcontrol.me/posts/cripple.html
http://artcontrol.me/?p=5108,http://artcontrol.me/posts/5108.html
http://artcontrol.me/redditdrawnportraits/,http://artcontrol.me/posts/redditdrawnportraits.html
http://artcontrol.me/?p=810,http://artcontrol.me/posts/810.html
http://artcontrol.me/?p=2086,http://artcontrol.me/posts/2086.html
http://artcontrol.me/sunday-morning/,http://artcontrol.me/posts/sunday-morning.html
http://artcontrol.me/oil-paint-portrait-tree/,http://artcontrol.me/posts/oil-paint-portrait-tree.html
http://artcontrol.me/seven-deadly-sins-gluttony/,http://artcontrol.me/posts/seven-deadly-sins-gluttony.html
http://artcontrol.me/?p=1153,http://artcontrol.me/posts/1153.html
http://artcontrol.me/happy-birthday-mum/,http://artcontrol.me/posts/happy-birthday-mum.html
http://artcontrol.me/?p=2333,http://artcontrol.me/posts/2333.html
http://artcontrol.me/character-swipe-blend/,http://artcontrol.me/posts/character-swipe-blend.html
http://artcontrol.me/redditgetsdrawn-wild-thing/,http://artcontrol.me/posts/redditgetsdrawn-wild-thing.html
http://artcontrol.me/?p=2784,http://artcontrol.me/posts/2784.html
http://artcontrol.me/far-north-drawing/,http://artcontrol.me/posts/far-north-drawing.html
http://artcontrol.me/alcemy-landscape/,http://artcontrol.me/posts/alcemy-landscape.html
http://artcontrol.me/hell-earth-title/,http://artcontrol.me/posts/hell-earth-title.html
http://artcontrol.me/new-tablet-dynamic-setup/,http://artcontrol.me/posts/new-tablet-dynamic-setup.html
http://artcontrol.me/strangegrace-illustration/,http://artcontrol.me/posts/strangegrace-illustration.html
http://artcontrol.me/lights-out-bacongamejam-character-concept/,http://artcontrol.me/posts/lights-out-bacongamejam-character-concept.html
http://artcontrol.me/inkscape-tuesday-redditgetsdrawn/,http://artcontrol.me/posts/inkscape-tuesday-redditgetsdrawn.html
http://artcontrol.me/blackhead-sitting/,http://artcontrol.me/posts/blackhead-sitting.html
http://artcontrol.me/levin-plants-and-cars/,http://artcontrol.me/posts/levin-plants-and-cars.html
http://artcontrol.me/punk-jam/,http://artcontrol.me/posts/punk-jam.html
http://artcontrol.me/hastings-imagine-painting/,http://artcontrol.me/posts/hastings-imagine-painting.html
http://artcontrol.me/?p=2649,http://artcontrol.me/posts/ca.html
http://artcontrol.me/envelope-characters/,http://artcontrol.me/posts/envelope-characters.html
http://artcontrol.me/cuba-sunsets/,http://artcontrol.me/posts/cuba-sunsets.html
http://artcontrol.me/sketchdaily-monsters-and-digital-street-dev/,http://artcontrol.me/posts/sketchdaily-monsters-and-digital-street-dev.html
http://artcontrol.me/takaka-life-drawing-murry/,http://artcontrol.me/posts/takaka-life-drawing-murry.html
http://artcontrol.me/ca-skl/,http://artcontrol.me/posts/ca-skl.html
http://artcontrol.me/frozen-path-eow-wip/,http://artcontrol.me/posts/frozen-path-eow-wip.html
http://artcontrol.me/levin-street-school/,http://artcontrol.me/posts/levin-street-school.html
http://artcontrol.me/cafrins-mask-collaborative-2/,http://artcontrol.me/posts/cafrins-mask-collaborative-2.html
http://artcontrol.me/auckland-waterfront-concept-paint/,http://artcontrol.me/posts/auckland-waterfront-concept-paint.html
http://artcontrol.me/?p=4955,http://artcontrol.me/posts/redditgetsdrawn-may.html
http://artcontrol.me/?p=4812,http://artcontrol.me/posts/4812.html
http://artcontrol.me/wellington-draw/,http://artcontrol.me/posts/wellington-draw.html
http://artcontrol.me/knight-tattoo/,http://artcontrol.me/posts/knight-tattoo.html
http://artcontrol.me/?p=5259,http://artcontrol.me/posts/5259.html
http://artcontrol.me/dott/,http://artcontrol.me/posts/dott.html
http://artcontrol.me/dzhokar-redditgetsdrawn-portraits/,http://artcontrol.me/posts/dzhokar-redditgetsdrawn-portraits.html
http://artcontrol.me/iograph-artworks/,http://artcontrol.me/posts/iograph-artworks.html
http://artcontrol.me/?p=1432,http://artcontrol.me/posts/1432.html
http://artcontrol.me/?p=410,http://artcontrol.me/posts/410.html
http://artcontrol.me/notes-speech-for-nana/,http://artcontrol.me/posts/notes-speech-for-nana.html
http://artcontrol.me/sketchbook-palmerston-north/,http://artcontrol.me/posts/sketchbook-palmerston-north.html
http://artcontrol.me/?p=1597,http://artcontrol.me/posts/1597.html
http://artcontrol.me/immigration-landscape/,http://artcontrol.me/posts/immigration-landscape.html
http://artcontrol.me/ra1nz-weekend-life-drawinz/,http://artcontrol.me/posts/ra1nz-weekend-life-drawinz.html
http://artcontrol.me/weltak/,http://artcontrol.me/posts/weltak.html
http://artcontrol.me/horse/,http://artcontrol.me/posts/horse.html
http://artcontrol.me/grim-fandango/,http://artcontrol.me/posts/grim-fandango.html
http://artcontrol.me/pencil-levin-mall/,http://artcontrol.me/posts/pencil-levin-mall.html
http://artcontrol.me/redditgetsdrawn-promarker-christmas/,http://artcontrol.me/posts/redditgetsdrawn-promarker-christmas.html
http://artcontrol.me/march-concept-title/,http://artcontrol.me/posts/march-concept-title.html
http://artcontrol.me/nightmare-sketches/,http://artcontrol.me/posts/nightmare-sketches.html
http://artcontrol.me/?p=2465,http://artcontrol.me/posts/2465.html
http://artcontrol.me/to-follow-a-blog-or-not/,http://artcontrol.me/posts/to-follow-a-blog-or-not.html
http://artcontrol.me/?p=644,http://artcontrol.me/posts/644.html
http://artcontrol.me/life-drawing-octnov-tlc/,http://artcontrol.me/posts/life-drawing-octnov-tlc.html
http://artcontrol.me/?p=2852,http://artcontrol.me/posts/2852.html
http://artcontrol.me/?p=1503,http://artcontrol.me/posts/1503.html
http://artcontrol.me/life-paint-gouache-brendon/,http://artcontrol.me/posts/life-paint-gouache-brendon.html
http://artcontrol.me/ggj-artwork-2d/,http://artcontrol.me/posts/ggj-artwork-2d.html
http://artcontrol.me/regina-spektor-and-characters-on-the-wall/,http://artcontrol.me/posts/regina-spektor-and-characters-on-the-wall.html
http://artcontrol.me/welaklpencilwrk/,http://artcontrol.me/posts/welaklpencilwrk.html
http://artcontrol.me/explore-takaka-drawings/,http://artcontrol.me/posts/explore-takaka-drawings.html
http://artcontrol.me/alley-darkness/,http://artcontrol.me/posts/alley-darkness.html
http://artcontrol.me/global-game-jam-painting/,http://artcontrol.me/posts/global-game-jam-painting.html
http://artcontrol.me/wel-true/,http://artcontrol.me/posts/wel-true.html
http://artcontrol.me/double-female-model-monday/,http://artcontrol.me/posts/double-female-model-monday.html
http://artcontrol.me/hello-world/,http://artcontrol.me/posts/hello-world.html
http://artcontrol.me/les-barany-advice/,http://artcontrol.me/posts/les-barany-advice.html
http://artcontrol.me/levin-water/,http://artcontrol.me/posts/levin-water.html
http://artcontrol.me/crush/,http://artcontrol.me/posts/crush.html
http://artcontrol.me/lightsout-bacon-jam-5-first-painting/,http://artcontrol.me/posts/lightsout-bacon-jam-5-first-painting.html
http://artcontrol.me/andrew-a6-doodles/,http://artcontrol.me/posts/andrew-a6-doodles.html
http://artcontrol.me/takaka-drawing-class/,http://artcontrol.me/posts/takaka-drawing-class.html
http://artcontrol.me/reddit-sketchdaily-end-sept/,http://artcontrol.me/posts/reddit-sketchdaily-end-sept.html
http://artcontrol.me/old-master-techniques/,http://artcontrol.me/posts/old-master-techniques.html
http://artcontrol.me/cuba-street-painting-october/,http://artcontrol.me/posts/cuba-street-painting-october.html
http://artcontrol.me/levin-rose/,http://artcontrol.me/posts/levin-rose.html
http://artcontrol.me/blender-animation-test/,http://artcontrol.me/posts/blender-animation-test.html
http://artcontrol.me/clem-and-city-photo-studies/,http://artcontrol.me/posts/clem-and-city-photo-studies.html
http://artcontrol.me/janelles-party-drawings/,http://artcontrol.me/posts/janelles-party-drawings.html
http://artcontrol.me/?p=4784,http://artcontrol.me/posts/4784.html
http://artcontrol.me/well-boat-painting/,http://artcontrol.me/posts/well-boat-painting.html
http://artcontrol.me/circling-wellington-building-painting/,http://artcontrol.me/posts/circling-wellington-building-painting.html
http://artcontrol.me/vincents-tuesday-april/,http://artcontrol.me/posts/vincents-tuesday-april.html
http://artcontrol.me/?p=4923,http://artcontrol.me/posts/4923.html
http://artcontrol.me/?p=4995,http://artcontrol.me/posts/daerk.html
http://artcontrol.me/bacon-game-jam-07-hungry/,http://artcontrol.me/posts/bacon-game-jam-07-hungry.html
http://artcontrol.me/concept-art-railway/,http://artcontrol.me/posts/concept-art-railway.html
http://artcontrol.me/?p=4990,http://artcontrol.me/posts/4990.html
http://artcontrol.me/chocolate-cup-sketch/,http://artcontrol.me/posts/chocolate-cup-sketch.html
http://artcontrol.me/?p=77,http://artcontrol.me/posts/77.html
http://artcontrol.me/memory-tlc-staff-exhibition/,http://artcontrol.me/posts/memory-tlc-staff-exhibition.html
http://artcontrol.me/spyro-the-dragon-breathing-fire/,http://artcontrol.me/posts/spyro-the-dragon-breathing-fire.html
http://artcontrol.me/da-draw-plz-june/,http://artcontrol.me/posts/da-draw-plz-june.html
http://artcontrol.me/cuban-water/,http://artcontrol.me/posts/cuban-water.html
http://artcontrol.me/?p=2819,http://artcontrol.me/posts/2819.html
http://artcontrol.me/space-hangar-and-levin-street-dev/,http://artcontrol.me/posts/space-hangar-and-levin-street-dev.html
http://artcontrol.me/?p=5006,http://artcontrol.me/posts/mayphotog.html
http://artcontrol.me/cafrins-mask-collaborative/,http://artcontrol.me/posts/cafrins-mask-collaborative.html
http://artcontrol.me/napier-gouache-paintings/,http://artcontrol.me/posts/napier-gouache-paintings.html
http://artcontrol.me/vector-logo-mall/,http://artcontrol.me/posts/vector-logo-mall.html
http://artcontrol.me/robert-monday-term-1-2012/,http://artcontrol.me/posts/robert-monday-term-1-2012.html
http://artcontrol.me/lorde-portrait/,http://artcontrol.me/posts/lorde-portrait.html
http://artcontrol.me/kids/,http://artcontrol.me/posts/kids.html
http://artcontrol.me/reddit-gets-drawn-group/,http://artcontrol.me/posts/reddit-gets-drawn-group.html
http://artcontrol.me/redditgetsdrawn-color-saturday/,http://artcontrol.me/posts/redditgetsdrawn-color-saturday.html
http://artcontrol.me/lighting-particle-testz/,http://artcontrol.me/posts/lighting-particle-testz.html
http://artcontrol.me/vincents-negative-space/,http://artcontrol.me/posts/vincents-negative-space.html
http://artcontrol.me/new-scene-tests/,http://artcontrol.me/posts/new-scene-tests.html
http://artcontrol.me/monster-under-the-bed/,http://artcontrol.me/posts/monster-under-the-bed.html
http://artcontrol.me/print-digital-strd/,http://artcontrol.me/posts/print-digital-strd.html
http://artcontrol.me/?p=4778,http://artcontrol.me/posts/4778.html
http://artcontrol.me/just-two-colours/,http://artcontrol.me/posts/just-two-colours.html
http://artcontrol.me/?p=2351,http://artcontrol.me/posts/2351.html
http://artcontrol.me/sketchy-sketchy-levin/,http://artcontrol.me/posts/sketchy-sketchy-levin.html
http://artcontrol.me/?p=2535,http://artcontrol.me/posts/2535.html
http://artcontrol.me/yeah-town/,http://artcontrol.me/posts/yeah-town.html
http://artcontrol.me/mia-portrait/,http://artcontrol.me/posts/mia-portrait.html
http://artcontrol.me/painting-cuba-st-videos/,http://artcontrol.me/posts/painting-cuba-st-videos.html
http://artcontrol.me/color-explored-with-redditgetsdrawn-paintings/,http://artcontrol.me/posts/color-explored-with-redditgetsdrawn-paintings.html
http://artcontrol.me/model-mask/,http://artcontrol.me/posts/model-mask.html
http://artcontrol.me/angelique-portrait/,http://artcontrol.me/posts/angelique-portrait.html
http://artcontrol.me/napier-horror/,http://artcontrol.me/posts/napier-horror.html
http://artcontrol.me/street-sign/,http://artcontrol.me/posts/street-sign.html
http://artcontrol.me/?p=4804,http://artcontrol.me/posts/4804.html
http://artcontrol.me/lvn-rework/,http://artcontrol.me/posts/lvn-rework.html
http://artcontrol.me/napier/,http://artcontrol.me/posts/napier.html
http://artcontrol.me/?p=5262,http://artcontrol.me/posts/5262.html
http://artcontrol.me/roger-friday-lee-model/,http://artcontrol.me/posts/roger-friday-lee-model.html
http://artcontrol.me/auckland-characters/,http://artcontrol.me/posts/auckland-characters.html
http://artcontrol.me/basement-landscape/,http://artcontrol.me/posts/basement-landscape.html
http://artcontrol.me/digital-landscape-red/,http://artcontrol.me/posts/digital-landscape-red.html
http://artcontrol.me/dune-painting/,http://artcontrol.me/posts/dune-painting.html
http://artcontrol.me/wainui-sketech/,http://artcontrol.me/posts/wainui-sketech.html
http://artcontrol.me/redditgetsdrawn-kobo-sketches/,http://artcontrol.me/posts/redditgetsdrawn-kobo-sketches.html
http://artcontrol.me/gjgj/,http://artcontrol.me/posts/gjgj.html
http://artcontrol.me/?p=401,http://artcontrol.me/posts/401.html
http://artcontrol.me/nude-wellington/,http://artcontrol.me/posts/nude-wellington.html
http://artcontrol.me/whatcha/,http://artcontrol.me/posts/whatcha.html
http://artcontrol.me/janelle-figure/,http://artcontrol.me/posts/janelle-figure.html
http://artcontrol.me/?p=318,http://artcontrol.me/posts/318.html
http://artcontrol.me/erik-birthday-card/,http://artcontrol.me/posts/erik-birthday-card.html
http://artcontrol.me/skullgirl/,http://artcontrol.me/posts/skullgirl.html
http://artcontrol.me/?p=4965,http://artcontrol.me/posts/4965.html
http://artcontrol.me/lvn-skate/,http://artcontrol.me/posts/lvn-skate.html
http://artcontrol.me/color-painting-of-kikis-delivery-service/,http://artcontrol.me/posts/color-painting-of-kikis-delivery-service.html
http://artcontrol.me/pencil-drawings-from-wellington/,http://artcontrol.me/posts/pencil-drawings-from-wellington.html
http://artcontrol.me/blender-animation-update/,http://artcontrol.me/posts/blender-animation-update.html
http://artcontrol.me/lights-out-bacongamejam-secondpainting/,http://artcontrol.me/posts/lights-out-bacongamejam-secondpainting.html
http://artcontrol.me/landscape-binge-braid/,http://artcontrol.me/posts/landscape-binge-braid.html
http://artcontrol.me/figurative-expressions-russel/,http://artcontrol.me/posts/figurative-expressions-russel.html
http://artcontrol.me/?p=55,http://artcontrol.me/posts/55.html
http://artcontrol.me/digital-mall-time/,http://artcontrol.me/posts/digital-mall-time.html
http://artcontrol.me/maya-building/,http://artcontrol.me/posts/maya-building.html
http://artcontrol.me/redditgetsdrawn-feb-dig-guy/,http://artcontrol.me/posts/redditgetsdrawn-feb-dig-guy.html
http://artcontrol.me/redditgetsdrawn-zombie/,http://artcontrol.me/posts/redditgetsdrawn-zombie.html
http://artcontrol.me/sketchbook-travels/,http://artcontrol.me/posts/sketchbook-travels.html
http://artcontrol.me/?p=1365,http://artcontrol.me/posts/1365.html
http://artcontrol.me/fail-first/,http://artcontrol.me/posts/fail-first.html
http://artcontrol.me/levin-church/,http://artcontrol.me/posts/levin-church.html
http://artcontrol.me/levin-updates/,http://artcontrol.me/posts/levin-updates.html
http://artcontrol.me/robot-animation-tests/,http://artcontrol.me/posts/robot-animation-tests.html
http://artcontrol.me/got-digdraw/,http://artcontrol.me/posts/got-digdraw.html
http://artcontrol.me/?p=624,http://artcontrol.me/posts/624.html
http://artcontrol.me/da-drawplz-august/,http://artcontrol.me/posts/da-drawplz-august.html
http://artcontrol.me/redditdrawn-doubles/,http://artcontrol.me/posts/redditdrawn-doubles.html
http://artcontrol.me/milv-paint/,http://artcontrol.me/posts/milv-paint.html
http://artcontrol.me/dads-hens/,http://artcontrol.me/posts/dads-hens.html
http://artcontrol.me/hamilton-building/,http://artcontrol.me/posts/hamilton-building.html
http://artcontrol.me/concept-pencil-cuba/,http://artcontrol.me/posts/concept-pencil-cuba.html
http://artcontrol.me/lynn-mall-to-blender-model/,http://artcontrol.me/posts/lynn-mall-to-blender-model.html
http://artcontrol.me/robert-tuesday-term-1-2012/,http://artcontrol.me/posts/robert-tuesday-term-1-2012.html
http://artcontrol.me/lee-digital-works/,http://artcontrol.me/posts/lee-digital-works.html
http://artcontrol.me/digital-levin-start-eow-doodle/,http://artcontrol.me/posts/digital-levin-start-eow-doodle.html
http://artcontrol.me/vert-landscape/,http://artcontrol.me/posts/vert-landscape.html
http://artcontrol.me/redditgetsdrawn-friday-night-lines/,http://artcontrol.me/posts/redditgetsdrawn-friday-night-lines.html
http://artcontrol.me/cuba-street-fish/,http://artcontrol.me/posts/cuba-street-fish.html
http://artcontrol.me/portrait-skins/,http://artcontrol.me/posts/portrait-skins.html
http://artcontrol.me/red-lake/,http://artcontrol.me/posts/red-lake.html
http://artcontrol.me/triger-concept-drawings/,http://artcontrol.me/posts/triger-concept-drawings.html
http://artcontrol.me/figure-weekend/,http://artcontrol.me/posts/figure-weekend.html
http://artcontrol.me/ludum-dare-pencil-sketches/,http://artcontrol.me/posts/ludum-dare-pencil-sketches.html
http://artcontrol.me/portrait-batman-chch/,http://artcontrol.me/posts/portrait-batman-chch.html
http://artcontrol.me/maydog-kiss/,http://artcontrol.me/posts/maydog-kiss.html
http://artcontrol.me/doodle-pixellovely-perspective/,http://artcontrol.me/posts/doodle-pixellovely-perspective.html
http://artcontrol.me/chch-sketches-sketchbook/,http://artcontrol.me/posts/chch-sketches-sketchbook.html
http://artcontrol.me/ra1n-particle/,http://artcontrol.me/posts/ra1n-particle.html
http://artcontrol.me/cafrin/,http://artcontrol.me/posts/cafrin.html
http://artcontrol.me/light-throw-tests/,http://artcontrol.me/posts/light-throw-tests.html
http://artcontrol.me/redditgetsdrawn-mums-office/,http://artcontrol.me/posts/redditgetsdrawn-mums-office.html
http://artcontrol.me/board-acrylic-takaka/,http://artcontrol.me/posts/board-acrylic-takaka.html
http://artcontrol.me/old-paintings-part-two/,http://artcontrol.me/posts/old-paintings-part-two.html
http://artcontrol.me/update-iograph/,http://artcontrol.me/posts/update-iograph.html
http://artcontrol.me/?p=5466,http://artcontrol.me/posts/5466.html
http://artcontrol.me/wall-paint-levin/,http://artcontrol.me/posts/wall-paint-levin.html
http://artcontrol.me/art-journal-flip-may-2012/,http://artcontrol.me/posts/art-journal-flip-may-2012.html
http://artcontrol.me/?p=1131,http://artcontrol.me/posts/1131.html
http://artcontrol.me/icons-web/,http://artcontrol.me/posts/icons-web.html
http://artcontrol.me/auckland-pencil-drawings/,http://artcontrol.me/posts/auckland-pencil-drawings.html
http://artcontrol.me/?p=5123,http://artcontrol.me/posts/5123.html
http://artcontrol.me/?p=5122,http://artcontrol.me/posts/5122.html
http://artcontrol.me/lights-camera-3rd-person/,http://artcontrol.me/posts/lights-camera-3rd-person.html
http://artcontrol.me/creature-modeling/,http://artcontrol.me/posts/creature-modeling.html
http://artcontrol.me/?p=2211,http://artcontrol.me/posts/2211.html
http://artcontrol.me/life-model-monday/,http://artcontrol.me/posts/life-model-monday.html
http://artcontrol.me/wellington-habor/,http://artcontrol.me/posts/wellington-habor.html
http://artcontrol.me/sketchdaily-works-4th-to-6th-oct-redditgetsdrawn/,http://artcontrol.me/posts/sketchdaily-works-4th-to-6th-oct-redditgetsdrawn.html
http://artcontrol.me/?p=5015,http://artcontrol.me/posts/5015.html
http://artcontrol.me/?p=2800,http://artcontrol.me/posts/2800.html
http://artcontrol.me/?p=2804,http://artcontrol.me/posts/2804.html
http://artcontrol.me/?p=2197,http://artcontrol.me/posts/2197.html
http://artcontrol.me/artcontrol-wmckee-jan2013-windowsweb/,http://artcontrol.me/posts/artcontrol-wmckee-jan2013-windowsweb.html
http://artcontrol.me/cuba-painting-uv/,http://artcontrol.me/posts/cuba-painting-uv.html
http://artcontrol.me/?p=1449,http://artcontrol.me/posts/1449.html
http://artcontrol.me/3d-render/,http://artcontrol.me/posts/3d-render.html
http://artcontrol.me/levin-tower/,http://artcontrol.me/posts/levin-tower.html
http://artcontrol.me/unity-1st-and-3rd-cam-experiments/,http://artcontrol.me/posts/unity-1st-and-3rd-cam-experiments.html
http://artcontrol.me/?p=140,http://artcontrol.me/posts/140.html
http://artcontrol.me/georgette-monday-cloth/,http://artcontrol.me/posts/georgette-monday-cloth.html
http://artcontrol.me/wellington-street-draw-halloween/,http://artcontrol.me/posts/wellington-street-draw-halloween.html
http://artcontrol.me/april-block-blender-tests/,http://artcontrol.me/posts/april-block-blender-tests.html
http://artcontrol.me/sketchdaily-enviroments/,http://artcontrol.me/posts/sketchdaily-enviroments.html
http://artcontrol.me/email-to-my-mentor/,http://artcontrol.me/posts/email-to-my-mentor.html
http://artcontrol.me/eow-birth-of-a-god-development/,http://artcontrol.me/posts/eow-birth-of-a-god-development.html
http://artcontrol.me/palmy-skate/,http://artcontrol.me/posts/palmy-skate.html
http://artcontrol.me/friday-model-geogette/,http://artcontrol.me/posts/friday-model-geogette.html
http://artcontrol.me/rgd-jan/,http://artcontrol.me/posts/rgd-jan.html
http://artcontrol.me/saturday-morning/,http://artcontrol.me/posts/saturday-morning.html
http://artcontrol.me/christena-wednesday-drawings/,http://artcontrol.me/posts/christena-wednesday-drawings.html
http://artcontrol.me/vampire-weekend-paintin/,http://artcontrol.me/posts/vampire-weekend-paintin.html
http://artcontrol.me/blender-testing-action/,http://artcontrol.me/posts/blender-testing-action.html
http://artcontrol.me/iograph-days-of-dots/,http://artcontrol.me/posts/iograph-days-of-dots.html
http://artcontrol.me/?p=5281,http://artcontrol.me/posts/5281.html
http://artcontrol.me/redditgetsdrawn-sunday-night-painting/,http://artcontrol.me/posts/redditgetsdrawn-sunday-night-painting.html
http://artcontrol.me/?p=4878,http://artcontrol.me/posts/trest.html
http://artcontrol.me/july-portrait/,http://artcontrol.me/posts/july-portrait.html
http://artcontrol.me/your-brain/,http://artcontrol.me/posts/your-brain.html
http://artcontrol.me/levin-tower-seq/,http://artcontrol.me/posts/levin-tower-seq.html
http://artcontrol.me/?p=5378,http://artcontrol.me/posts/5378.html
http://artcontrol.me/?p=5576,http://artcontrol.me/posts/5576.html
http://artcontrol.me/levin-sketched-finals/,http://artcontrol.me/posts/levin-sketched-finals.html
http://artcontrol.me/?p=27,http://artcontrol.me/posts/27.html
http://artcontrol.me/marc-thursday-landscape/,http://artcontrol.me/posts/marc-thursday-landscape.html
http://artcontrol.me/reddit-sketchdaily-bonus-da/,http://artcontrol.me/posts/reddit-sketchdaily-bonus-da.html
http://artcontrol.me/?p=5579,http://artcontrol.me/posts/5579.html
http://artcontrol.me/redditgets-drawn-part-two/,http://artcontrol.me/posts/redditgets-drawn-part-two.html
http://artcontrol.me/three-figures-in-library/,http://artcontrol.me/posts/three-figures-in-library.html
http://artcontrol.me/?p=4908,http://artcontrol.me/posts/cv.html
http://artcontrol.me/panic-life-paint/,http://artcontrol.me/posts/panic-life-paint.html
http://artcontrol.me/promarker-vincents-thursday/,http://artcontrol.me/posts/promarker-vincents-thursday.html
http://artcontrol.me/?p=5119,http://artcontrol.me/posts/5119.html
http://artcontrol.me/?p=4976,http://artcontrol.me/posts/anon.html
http://artcontrol.me/auckland-waterfont-plus-train-wait/,http://artcontrol.me/posts/auckland-waterfont-plus-train-wait.html
http://artcontrol.me/path-of-exile/,http://artcontrol.me/posts/path-of-exile.html
